ts,V_ideal,V_age,ne_ideal,ne_age,Soc_ideal,Soc_age,Lka_H2,nch,P_togrid,P_service,f
2019-04-29 02:36:15.447258,1.6929321552493497,1.6929321941382387,0.8754576698527264,0.8754576497423072,21.099999999999998,21.099999999999998,6.847834882647451e-07,65.15447154209353,-106.2426156990749,-103.16594903240834,59.893
2019-04-29 02:36:16.447258,1.6929278986923073,1.692927976470085,0.875459871030646,0.8754598308096063,21.099999999999998,21.099999999999998,1.36959417843855e-06,65.15437917123913,-106.2383743346839,-106.2383743346839,59.994
2019-04-29 02:36:17.447258,1.6929236480200611,1.692923764686728,0.8754620691764282,0.875462008844567,21.099999999999998,21.099999999999998,2.054432068316782e-06,65.15428671137829,-106.23413930521569,-106.23413930521569,59.997
2019-04-29 02:36:18.447258,1.6929194032024542,1.6929195587580097,0.8754642643056224,0.8754641838627394,21.099999999999998,21.099999999999998,2.7392971556966585e-06,65.15419416303594,-106.22991057816974,-106.22991057816974,60.0
2019-04-29 02:36:19.447258,1.6929151642503064,1.692915358694751,0.8754664564125878,0.8754663558584828,21.099999999999998,21.099999999999998,3.4241894383772394e-06,65.15410152603015,-106.22568816447911,-106.22568816447911,59.994
2019-04-29 02:36:20.447258,1.6929109311539472,1.6929111644872805,0.8754686455022801,0.8754685248367534,21.099999999999998,21.099999999999998,4.109108914159429e-06,65.1540088005324,-106.22147205336006,-106.22147205336006,59.996
2019-04-29 02:36:21.447258,1.6929067039037033,1.6929069761259257,0.8754708315796561,0.8754706908025085,21.099999999999998,21.099999999999998,4.794055580845971e-06,65.15391598671418,-106.21726223402844,-106.21726223402844,59.994
2019-04-29 02:36:22.447258,1.6929024824898997,1.6929027936010108,0.8754730146496742,0.8754728537607068,21.099999999999998,21.099999999999998,5.479029436241452e-06,65.15382308474696,-106.21305869570014,-106.21305869570014,59.993
2019-04-29 02:36:23.447258,1.6928982669028594,1.6928986169028595,0.8754751947172937,0.8754750137163081,21.099999999999998,21.099999999999998,6.164030478152289e-06,65.15373009480221,-106.20886142759068,-106.20886142759068,59.993
2019-04-29 02:36:24.447258,1.692894057153397,1.692894446042286,0.8754773717768768,0.875477170663675,21.099999999999998,21.099999999999998,6.849058704386734e-06,65.15363701669808,-106.2046704406329,-106.2046704406329,59.992
2019-04-29 02:36:25.447258,1.6928898532215866,1.6928902809993644,0.8754795458386833,0.8754793246130677,21.099999999999998,21.099999999999998,7.534114112754874e-06,65.15354385078265,-106.20048571318367,-106.20048571318367,59.991
2019-04-29 02:36:26.447258,1.6928856551079932,1.6928861217746598,0.8754817169023763,0.8754814755641497,21.099999999999998,21.099999999999998,8.219196701068623e-06,65.1534505970507,-106.19630724531696,-106.19630724531696,59.989
2019-04-29 02:36:27.447258,1.6928814627926851,1.6928819683482408,0.8754838849782187,0.8754836235271842,21.099999999999998,21.099999999999998,8.904306467141725e-06,65.15335725585045,-106.19213501538911,-106.19213501538911,59.991
2019-04-29 02:36:28.447258,1.6928772762762252,1.6928778207206696,0.8754860500658753,0.8754857685018367,21.099999999999998,21.099999999999998,9.589443408789746e-06,65.15326382717664,-106.18796902347391,-106.18796902347391,59.992
2019-04-29 02:36:29.447258,1.6928730955591742,1.6928736788925076,0.8754882121650114,0.8754879104877725,21.099999999999998,21.099999999999998,1.0274607523830078e-05,65.15317031102404,-106.18380926964502,-106.18380926964502,59.994
2019-04-29 02:36:30.447258,1.6928689206318437,1.6928695428540659,0.8754903712805931,0.8754900494899587,21.099999999999998,21.099999999999998,1.0959798810081932e-05,65.15307670756413,-106.17965574311717,-106.17965574311717,59.991
2019-04-29 02:36:31.447258,1.6928647514845434,1.6928654125956546,0.875492527417588,0.8754921855133625,21.099999999999998,21.099999999999998,1.164501726536634e-05,65.15298301696834,-106.1755084331051,-106.1755084331051,59.995
2019-04-29 02:36:32.447258,1.692860588107581,1.692861288107581,0.8754946805809641,0.8754943185629532,21.099999999999998,21.099999999999998,1.2330262887506149e-05,65.15288923940813,-106.17136732882327,-106.17136732882327,59.994
2019-04-29 02:36:33.447258,1.6928564305015117,1.6928571693904007,0.8754968307703909,0.8754964486383998,21.099999999999998,21.099999999999998,1.301553567432602e-05,65.15279537487825,-106.16723243034481,-106.16723243034481,59.997
2019-04-29 02:36:34.447258,1.6928522786463895,1.6928530564241673,0.8754989779961394,0.8754985757499746,21.099999999999998,21.099999999999998,1.3700835623652427e-05,65.15270142372684,-106.16310371602515,-106.16310371602515,59.997
2019-04-29 02:36:35.447258,1.6928481325530176,1.6928489492196843,0.8755011222525793,0.8755006998920469,21.099999999999998,21.099999999999998,1.4386162733313655e-05,65.15260738577203,-106.15898119679616,-106.15898119679616,59.996
2019-04-29 02:36:36.447258,1.692843992211697,1.6928448477672524,0.8755032635446826,0.8755028210695899,21.099999999999998,21.099999999999998,1.5071517001139794e-05,65.1525132611852,-106.15486486187193,-105.59153152853868,59.951
2019-04-29 02:36:37.447258,1.692839857602476,1.6928407520469204,0.8755054018827245,0.8755049392928785,21.099999999999998,21.099999999999998,1.5756898424962744e-05,65.15241905031449,-106.15075468960724,-106.15075468960724,60.032
2019-04-29 02:36:38.447258,1.6928357287361542,1.6928366620694875,0.8755075372610763,0.8755070545562849,21.099999999999998,21.099999999999998,1.6442307002616206e-05,65.15232475297802,-106.14665069093385,-106.14665069093385,59.982
2019-04-29 02:36:39.447258,1.692831605592776,1.6928325778149982,0.8755096696900155,0.8755091668700865,21.099999999999998,21.099999999999998,1.7127742731935678e-05,65.15223036952383,-106.14255284420629,-105.53588617753981,59.95
2019-04-29 02:36:40.447258,1.692827488172887,1.6928284992839981,0.8755117991692165,0.8755112762339585,21.099999999999998,21.099999999999998,1.7813205610758468e-05,65.15213589994676,-106.13846114949709,-106.13846114949709,59.993
2019-04-29 02:36:41.447258,1.6928233764667797,1.6928244264667798,0.8755139257036569,0.8755133826528788,21.099999999999998,21.099999999999998,1.849869563692367e-05,65.15204134441815,-106.13437559601958,-106.13437559601958,59.973
2019-04-29 02:36:42.447258,1.6928192704647442,1.692820359353633,0.8755160492983157,0.8755154861318268,21.099999999999998,21.099999999999998,1.918421280827218e-05,65.15194670310947,-106.13029617298692,-106.13029617298692,59.971
2019-04-29 02:36:43.447258,1.6928151701673224,1.6928162979451002,0.8755181699528697,0.8755175866704797,21.099999999999998,21.099999999999998,1.986975712264668e-05,65.1518519760155,-106.1262228804713,-106.1262228804713,59.988
2019-04-29 02:36:44.447258,1.6928110755648014,1.692812242231468,0.8755202876722996,0.8755196842738187,21.099999999999998,21.099999999999998,2.055532857789165e-05,65.15175716330765,-106.12215570768565,-106.12215570768565,59.975
2019-04-29 02:36:45.447258,1.6928069866577204,1.692808192213276,0.8755224024562839,0.8755217789415223,21.099999999999998,21.099999999999998,2.1240927171853355e-05,65.15166226498071,-106.11809465470206,-106.11809465470206,59.982
2019-04-29 02:36:46.447258,1.69280290342611,1.6928041478705544,0.8755245143151081,0.8755238706838769,21.099999999999998,21.099999999999998,2.1926552902379845e-05,65.15156728138264,-106.11403969987393,-106.11403969987393,59.986
2019-04-29 02:36:47.447258,1.6927988258705058,1.6928001092038392,0.875526623248453,0.8755259595005634,21.099999999999998,21.099999999999998,2.2612205767320957e-05,65.15147221250828,-106.10999084327305,-106.10999084327305,59.98
2019-04-29 02:36:48.447258,1.6927947539914427,1.692796076213665,0.8755287292559993,0.8755280453912632,21.099999999999998,21.099999999999998,2.3297885764528308e-05,65.15137705835244,-106.10594808497113,-106.10594808497113,59.986
2019-04-29 02:36:49.447258,1.6927906877689456,1.6927920488800567,0.8755308323480364,0.8755301283662656,21.099999999999998,21.099999999999998,2.3983592891855295e-05,65.15128181926306,-106.10191140332121,-106.10191140332121,59.987
2019-04-29 02:36:50.447258,1.6927866271932903,1.6927880271932902,0.8755329325295513,0.8755322084305586,21.099999999999998,21.099999999999998,2.4669327147157092e-05,65.15118649541152,-106.09788078753525,-106.09788078753525,59.983
2019-04-29 02:36:51.447258,1.6927825722855192,1.6927840111744081,0.875535029789619,0.8755342855732169,21.099999999999998,21.099999999999998,2.535508852829065e-05,65.15109108643951,-106.09385625940361,-106.09385625940361,59.988
2019-04-29 02:36:52.447258,1.692778523005139,1.6927800007829168,0.875537124149141,0.875536359815143,21.099999999999998,21.099999999999998,2.6040877033114693e-05,65.1509955930481,-106.08983777555981,-106.08983777555981,59.986
2019-04-29 02:36:53.447258,1.6927744793731898,1.6927759960398565,0.8755392155971933,0.8755384311454131,21.099999999999998,21.099999999999998,2.6726692659489713e-05,65.15090001487894,-106.08582535779406,-106.08582535779406,59.982
2019-04-29 02:36:54.447258,1.6927704413594293,1.6927719969149848,0.8755413041493761,0.8755404995796278,21.099999999999998,21.099999999999998,2.741253540527798e-05,65.15080435245655,-106.08181897359896,-106.08181897359896,59.986
2019-04-29 02:36:55.447258,1.6927664089746397,1.6927680034190842,0.8755433898000713,0.875542565112169,21.099999999999998,21.099999999999998,2.8098405268343516e-05,65.15070860559919,-106.077818633905,-106.077818633905,59.984
2019-04-29 02:36:56.447258,1.692762382209088,1.6927640155424213,0.8755454725542712,0.8755446277480301,21.099999999999998,21.099999999999998,2.878430224655212e-05,65.1506127744782,-106.0738243279236,-106.0738243279236,59.985
2019-04-29 02:36:57.447258,1.6927583610530403,1.6927600332752626,0.8755475524169692,0.8755466874922044,21.099999999999998,21.099999999999998,2.9470226337771354e-05,65.15051685926493,-106.06983604486608,-106.06983604486608,59.985
2019-04-29 02:36:58.447258,1.6927543455070182,1.6927560566181292,0.8755496293878544,0.8755487443443816,21.099999999999998,21.099999999999998,3.0156177539870535e-05,65.15042085995418,-106.06585378480308,-106.06585378480308,59.982
2019-04-29 02:36:59.447258,1.6927503355510258,1.6927520855510259,0.875551703477228,0.8755507983148629,21.099999999999998,21.099999999999998,3.084215585072074e-05,65.15032477689391,-106.06187752608601,-106.06187752608602,59.983
2019-04-29 02:37:00.447258,1.692746331185582,1.6927481200744707,0.8755537746847806,0.87555284940334,21.099999999999998,21.099999999999998,3.1528161268194796e-05,65.15022861007888,-106.05790726878536,-106.05790726878536,59.987
2019-04-29 02:37:01.447258,1.692742332411204,1.6927441601889819,0.8755558430102035,0.875554897609504,21.099999999999998,21.099999999999998,3.2214193790167304e-05,65.15013235950391,-106.05394301297153,-106.05394301297153,59.984
2019-04-29 02:37:02.447258,1.69273833921815,1.6927402058848167,0.875557908458495,0.875556942938354,21.099999999999998,21.099999999999998,3.290025341451459e-05,65.15003602534033,-106.0499847478552,-106.0499847478552,59.983
2019-04-29 02:37:03.447258,1.6927343515864164,1.692736257141972,0.875559971039961,0.8755589854001958,21.099999999999998,21.099999999999998,3.358634013911476e-05,65.14993960793602,-106.04603245178704,-106.04603245178704,59.985
2019-04-29 02:37:04.447258,1.692730369526776,1.6927323139712203,0.8755620307489886,0.8755610249894173,21.099999999999998,21.099999999999998,3.427245396184764e-05,65.14984310710929,-106.04208613569702,-106.04208613569702,59.98
2019-04-29 02:37:05.447258,1.6927263930192211,1.6927283763525545,0.8755640875958862,0.8755630617163271,21.099999999999998,21.099999999999998,3.4958594880594816e-05,65.14974652320798,-106.0381457779354,-106.0381457779354,59.98
2019-04-29 02:37:06.447258,1.6927224220745236,1.6927244442967457,0.8755661415750418,0.8755650955753137,21.099999999999998,21.099999999999998,3.5644762893239615e-05,65.1496498560504,-106.03421138943207,-106.03421138943207,59.985
2019-04-29 02:37:07.447258,1.6927184566624116,1.6927205177735227,0.8755681927020729,0.8755671265819949,21.099999999999998,21.099999999999998,3.63309579976671e-05,65.14955310616082,-106.03028293767726,-106.03028293767726,59.979
2019-04-29 02:37:08.447258,1.692714496803915,1.6927165968039148,0.8755702409660618,0.8755691547254534,21.099999999999998,21.099999999999998,3.7017180191764086e-05,65.14945627318117,-106.0263604444605,-106.0263604444605,59.981
2019-04-29 02:37:09.447258,1.6927105424687579,1.6927126813576467,0.8755722863826286,0.8755711800213096,21.099999999999998,21.099999999999998,3.7703429473419116e-05,65.14935935763572,-106.02244387727158,-106.02244387727158,59.978
2019-04-29 02:37:10.447258,1.6927065936677073,1.692708771445485,0.875574328946164,0.8755732024639549,21.099999999999998,21.099999999999998,3.838970584052247e-05,65.14926235934276,-106.01853324704008,-106.01853324704008,59.977
2019-04-29 02:37:11.447258,1.6927026503807445,1.6927048670474112,0.875576368666983,0.8755752220637042,21.099999999999998,21.099999999999998,3.9076009290966166e-05,65.14916527865014,-106.01462853211538,-106.01462853211538,59.978
2019-04-29 02:37:12.447258,1.6926987126083728,1.6927009681639285,0.8755784055447854,0.875577238820258,21.099999999999998,21.099999999999998,3.976233982264394e-05,65.14906811555267,-106.01072973256693,-106.01072973256693,59.977
2019-04-29 02:37:13.447258,1.6926947803510943,1.6926970747955388,0.8755804395792717,0.8755792527333173,21.099999999999998,21.2,4.044869743345126e-05,65.14897087004516,-106.00683684846392,-106.00683684846392,59.978
2019-04-29 02:37:14.447258,1.6926908535888845,1.692693186922218,0.8755824707807605,0.8755812638132007,21.2,21.2,4.1135082121285336e-05,65.14887354247541,-106.00294985815539,-106.00294985815539,59.977
2019-04-29 02:37:15.447258,1.6926869323222427,1.6926893045444649,0.8755844991489538,0.875583272059611,21.2,21.2,4.182149388404509e-05,65.14877613283825,-105.99906876171038,-105.99906876171038,59.978
2019-04-29 02:37:16.447258,1.6926830165414037,1.692685427652515,0.8755865246888636,0.8755852774775601,21.2,21.2,4.250793271963116e-05,65.14867864130498,-105.99519354833768,-105.99519354833768,59.978
2019-04-29 02:37:17.447258,1.6926791062468647,1.6926815562468647,0.8755885474001934,0.8755872800667525,21.2,21.2,4.319439862594593e-05,65.14858106787042,-105.99132421810623,-105.99132421810623,59.979
2019-04-29 02:37:18.447258,1.6926752014288575,1.6926776903177465,0.8755905672879568,0.8755892798322015,21.2,21.2,4.388089160089348e-05,65.14848341270583,-105.98746076022455,-105.98746076022455,60.003
2019-04-29 02:37:19.447258,1.692671302077612,1.6926738298553898,0.8755925843571686,0.8755912767789228,21.2,21.2,4.45674116423796e-05,65.14838567598254,-105.98360316390111,-105.50693649723462,59.953
2019-04-29 02:37:20.447258,1.692667408193622,1.6926699748602887,0.8755945986075343,0.8755932709066221,21.2,21.2,4.525395874831182e-05,65.14828785769538,-105.97975142920451,-105.97975142920451,59.967
2019-04-29 02:37:21.447258,1.692663519756849,1.6926661253124045,0.8755966100493807,0.8755952622256264,21.2,21.2,4.594053291659936e-05,65.14818995819208,-105.97590553448259,-101.59923886781596,59.863
2019-04-29 02:37:22.447258,1.6926596367780489,1.6926622812224934,0.875598618677105,0.8755972507303336,21.2,21.2,4.662713414515316e-05,65.14809197729102,-105.9720654906641,-103.32873215733076,59.903
2019-04-29 02:37:23.447258,1.69265575923718,1.6926584425705133,0.8756006245010359,0.8755992364310725,21.2,21.2,4.7313762431885874e-05,65.14799391533992,-105.96823127609659,-102.45823127609675,59.883
2019-04-29 02:37:24.447258,1.692651887144997,1.6926546093672192,0.8756026275155715,0.8756012193222417,21.2,21.2,4.800041777471184e-05,65.14789577215716,-105.96440290170872,-98.64106956837553,59.795
2019-04-29 02:37:25.447258,1.692648020471188,1.692650781582299,0.8756046277363533,0.8756031994194832,21.2,21.2,4.8687100171547127e-05,65.14779754826694,-105.96058033498737,-99.24391366832066,59.809
2019-04-29 02:37:26.447258,1.6926441592265047,1.6926469592265048,0.8756066251577812,0.8756051767171971,21.2,21.2,4.9373809620309484e-05,65.14769924348758,-105.95676358686084,-98.41676358686087,59.79
2019-04-29 02:37:27.447258,1.6926403034011652,1.692643142290054,0.8756086197848771,0.8756071512204056,21.2,21.2,5.0060546118918376e-05,65.14760085799044,-105.9529526465367,-97.6329526465367,59.772
2019-04-29 02:37:28.447258,1.6926364529853855,1.6926393307631633,0.875610611622664,0.8756091229341322,21.2,21.2,5.074730966529495e-05,65.14750239194672,-105.94914750322219,-98.40914750322221,59.79
2019-04-29 02:37:29.447258,1.6926326079796479,1.6926355246463145,0.8756126006708542,0.8756110918580896,21.2,21.2,5.143410025736206e-05,65.1474038453512,-105.9453481569851,-97.92868149031864,59.779
2019-04-29 02:37:30.447258,1.6926287683638972,1.6926317239194528,0.8756145869397844,0.8756130580026149,21.2,21.2,5.212091789304425e-05,65.1473052185517,-105.9415545861719,-97.75155458617189,59.775
2019-04-29 02:37:31.447258,1.6926249341488806,1.692627928593325,0.8756165704238571,0.8756150213621109,21.2,21.2,5.2807762570267746e-05,65.14720651136656,-105.93776680171067,-98.31110013504392,59.788
2019-04-29 02:37:32.447258,1.6926211053248092,1.6926241386581427,0.8756185511280984,0.875616981941604,21.2,21.2,5.3494634286960486e-05,65.14710772396704,-105.93398479280826,-98.56731812614153,59.794
2019-04-29 02:37:33.447258,1.6926172818716225,1.6926203540938447,0.875620529062848,0.8756189397514345,21.2,21.2,5.4181533041052075e-05,65.14700885670081,-105.9302085378108,-98.60687520447759,59.795
2019-04-29 02:37:34.447258,1.692613463800065,1.6926165749111761,0.8756225042225101,0.8756208947860067,21.2,21.2,5.486845883047381e-05,65.14690990938625,-105.92643804764614,-98.90643804764619,59.802
2019-04-29 02:37:35.447258,1.692609651090073,1.692612801090073,0.8756244766174264,0.8756228470556627,21.2,21.2,5.555541165315867e-05,65.1468108823711,-105.92267330066002,-99.03267330066008,59.805
2019-04-29 02:37:36.447258,1.6926058437421196,1.6926090326310086,0.8756264462473147,0.8756247965601208,21.2,21.2,5.624239150704132e-05,65.14671177565013,-105.91891429691945,-99.28891429691951,59.811
2019-04-29 02:37:37.447258,1.6926020417566774,1.6926052695344551,0.8756284131118932,0.8756267432990997,21.2,21.2,5.6929398390058095e-05,65.14661258921821,-105.91516103649151,-99.50182770315834,59.816
2019-04-29 02:37:38.447258,1.692598245113677,1.6926015117803437,0.875630377221507,0.8756286872829446,21.2,21.2,5.761643230014701e-05,65.14651332342297,-105.9114134977214,-99.67141349772147,59.82
2019-04-29 02:37:39.447258,1.6925944538135882,1.6925977593691437,0.8756323385758761,0.8756306285113759,21.2,21.2,5.830349323524777e-05,65.14641397825926,-105.90767168067593,-99.75433834734277,59.822
2019-04-29 02:37:40.447258,1.6925906678466085,1.692594012291053,0.8756342971800343,0.8756325669894278,21.2,21.2,5.8990581193301726e-05,65.14631455389828,-105.90393557456092,-99.96726890789422,59.827
2019-04-29 02:37:41.447258,1.6925868872132053,1.6925902705465385,0.875636253033703,0.8756345027168222,21.2,21.2,5.967769617225192e-05,65.14621505033492,-105.90020517944289,-100.31020517944299,59.835
2019-04-29 02:37:42.447258,1.6925831119035737,1.692586534125796,0.8756382061419176,0.8756364356985947,21.2,21.2,6.036483817004305e-05,65.14611546774037,-105.8964804845275,-100.26314715119437,59.834
2019-04-29 02:37:43.447258,1.6925793419079067,1.6925828030190178,0.875640156509715,0.8756383659397827,21.2,21.2,6.10520071846215e-05,65.14601580628586,-105.89276147902018,-100.43276147902027,59.838
2019-04-29 02:37:44.447258,1.6925755772266684,1.6925790772266684,0.8756421041368184,0.8756402934401096,21.2,21.2,6.173920321393529e-05,65.14591606596626,-105.88904816298722,-100.60238149632056,59.842
2019-04-29 02:37:45.447258,1.6925718178500486,1.6925753567389374,0.8756440490282663,0.8756422182046145,21.2,21.2,6.242642625593413e-05,65.14581624695273,-105.88534052563384,-100.42534052563393,59.838
2019-04-29 02:37:46.447258,1.6925680637785094,1.6925716415562873,0.8756459911837833,0.8756441402330221,21.2,21.2,6.311367630856937e-05,65.1457163492402,-105.88163856702624,-100.50830523369311,59.84
2019-04-29 02:37:47.447258,1.6925643149919656,1.6925679316586322,0.8756479306137239,0.8756460595356874,21.2,21.2,6.380095336979403e-05,65.14561637317617,-105.87794226550832,-100.67794226550843,59.844
2019-04-29 02:37:48.447258,1.6925605714908754,1.692564227046431,0.8756498673178148,0.8756479761123374,21.2,21.2,6.44882574375628e-05,65.14551631875554,-105.87425162114594,-100.54425162114606,59.841
2019-04-29 02:37:49.447258,1.6925568332756966,1.692560527720141,0.8756518012957829,0.8756498899626994,21.2,21.2,6.517558850983198e-05,65.14541618597316,-105.87056663400496,-100.75723330067154,59.846
2019-04-29 02:37:50.447258,1.692553100326339,1.6925568336596724,0.8756537325579858,0.8756518010971314,21.2,21.2,6.586294658455958e-05,65.14531597517657,-105.86688728242889,-100.796887282429,59.847
2019-04-29 02:37:51.447258,1.6925493726432574,1.6925531448654796,0.8756556611041524,0.8756537095153625,21.2,21.2,6.655033165970522e-05,65.14521568636061,-105.86321356648328,-100.92321356648341,59.85
2019-04-29 02:37:52.447258,1.6925456502269063,1.6925494613380174,0.8756575869340113,0.8756556152171219,21.2,21.2,6.723774373323017e-05,65.14511531952017,-105.85954548623376,-100.87621215290034,59.849
2019-04-29 02:37:53.447258,1.6925419330674643,1.6925457830674642,0.875659510052608,0.8756575182074554,21.2,21.2,6.792518280309738e-05,65.14501487482642,-105.85588303088456,-100.87254969755114,59.849
2019-04-29 02:37:54.447258,1.6925382211551088,1.6925421100439977,0.8756614304649887,0.8756594184914093,21.2,21.2,6.86126488672714e-05,65.14491435245053,-105.85222618963985,-100.8255595229732,59.848
2019-04-29 02:37:55.447258,1.6925345144800148,1.6925384422577925,0.8756633481762006,0.8756613160740315,21.2,21.2,6.930014192371844e-05,65.14481375256376,-105.84857495170353,-100.90857495170366,59.85
2019-04-29 02:37:56.447258,1.692530813042632,1.6925347797092987,0.8756652631859758,0.8756632109550543,21.2,21.2,6.998766197040638e-05,65.14471307516094,-105.84492931714084,-101.07826265047419,59.854
2019-04-29 02:37:57.447258,1.6925271168331328,1.6925311223886883,0.875667175499363,0.8756651031395268,21.2,21.2,7.067520900530469e-05,65.14461232041323,-105.84128927515546,-101.07462260848882,59.854
2019-04-29 02:37:58.447258,1.6925234258519648,1.6925274702964093,0.8756690851160956,0.8756669926271826,21.2,21.2,7.136278302638451e-05,65.14451148831554,-105.83765482581246,-101.15765482581259,59.856
2019-04-29 02:37:59.447258,1.692519740089298,1.6925238234226312,0.8756709920412239,0.8756688794230726,21.2,21.2,7.205038403161859e-05,65.14441057903898,-105.83402595831537,-101.24069262498196,59.858
2019-04-29 02:38:00.447258,1.6925160595353004,1.6925201817575226,0.8756728962797994,0.8756707635322485,21.2,21.2,7.273801201898133e-05,65.1443095927548,-105.83040266186757,-101.4104026618677,59.862
2019-04-29 02:38:01.447258,1.692512384190416,1.692516545301527,0.8756747978315575,0.8756726449544462,21.2,21.2,7.342566698644876e-05,65.14420852945781,-105.82678493653383,-101.58011826986721,59.866
2019-04-29 02:38:02.447258,1.6925087140345332,1.6925129140345332,0.8756766967068684,0.8756745237000361,21.2,21.2,7.411334893199853e-05,65.14410738949552,-105.82317276065571,-101.79317276065586,59.871
2019-04-29 02:38:03.447258,1.69250504907837,1.6925092879672587,0.875678592900152,0.8756763997634385,21.2,21.2,7.480105785360993e-05,65.1440061726865,-105.81956614515927,-101.78956614515943,59.871
2019-04-29 02:38:04.447258,1.69250138931209,1.6925056670898677,0.8756804864164628,0.8756782731497079,21.2,21.2,7.548879374926385e-05,65.1439048792019,-105.8159650792475,-101.82929841258088,59.872
2019-04-29 02:38:05.447258,1.6924977347258543,1.6925020513925209,0.8756823772608561,0.8756801438639008,21.2,21.2,7.617655661694281e-05,65.14380350921287,-105.81236955212324,-102.21570288545664,59.881
2019-04-29 02:38:06.447258,1.6924940853098227,1.6924984408653783,0.8756842654383888,0.8756820119110738,21.2,21.2,7.686434645463099e-05,65.14370206289061,-105.80877955298907,-102.60211288632247,59.89
2019-04-29 02:38:07.447258,1.6924904410644315,1.692494835508876,0.8756861509488006,0.875683877290967,21.2,21.2,7.755216326031413e-05,65.14360054022997,-105.80519508190916,-102.5118617485758,59.888
2019-04-29 02:38:08.447258,1.692486801969559,1.6924912353028922,0.8756880338024678,0.8756857400139573,21.2,21.2,7.824000703197962e-05,65.14349894157843,-105.80161611722428,-102.81161611722449,59.895
2019-04-29 02:38:09.447258,1.6924831680461978,1.6924876402684201,0.8756899139884946,0.8756876000691489,21.2,21.2,7.892787776761646e-05,65.1433972665782,-105.79804268072182,-103.19804268072204,59.904
2019-04-29 02:38:10.447258,1.6924795392639436,1.6924840503750547,0.8756917915225778,0.8756894574722394,21.2,21.2,7.961577546521524e-05,65.14329551575312,-105.79447473988056,-103.15114140654723,59.903
2019-04-29 02:38:11.447258,1.6924759156232283,1.6924804656232284,0.8756936664044598,0.875691312222971,21.2,21.2,8.03037001227682e-05,65.14319368909798,-105.79091229476425,-103.1042456280977,59.902
2019-04-29 02:38:12.447258,1.6924722971244832,1.692476886013372,0.8756955386338832,0.8756931643210872,21.2,21.2,8.099165173826916e-05,65.14309178660771,-105.78735534543665,-103.14402201210332,59.903
2019-04-29 02:38:13.447258,1.6924686837578586,1.6924733115356365,0.8756974082159102,0.8756950137716504,21.2,21.3,8.167963030971354e-05,65.1429898084534,-105.78380388109964,-103.18380388109985,59.904
2019-04-29 02:38:14.447258,1.6924650755135024,1.692469742180169,0.8756992751556048,0.8756968605797245,21.3,21.3,8.236763583509839e-05,65.14288775480621,-105.78025789095486,-103.05025789095505,59.901
2019-04-29 02:38:15.447258,1.692461472391843,1.6924661779473986,0.875701139452711,0.8756987047450545,21.3,21.3,8.305566831242235e-05,65.14278562566103,-105.77671737506583,-103.09005070839927,59.902
2019-04-29 02:38:16.447258,1.6924578743727443,1.6924626188171887,0.875703001117614,0.8757005462780255,21.3,21.3,8.374372773968567e-05,65.14268342136528,-105.7731823117721,-102.9131823117723,59.898
2019-04-29 02:38:17.447258,1.6924542814669135,1.6924590648002469,0.87570486014474,0.8757023851730642,21.3,21.3,8.443181411489017e-05,65.14258114173755,-105.76965271199882,-103.03965271199901,59.901
2019-04-29 02:38:18.447258,1.6924506936644934,1.6924555158867156,0.8757067165391557,0.8757042214352377,21.3,21.3,8.51199274360393e-05,65.142478786949,-105.76612856494728,-103.1661285649475,59.904
2019-04-29 02:38:19.447258,1.692447110955626,1.6924519720667373,0.8757085703059282,0.8757060550696133,21.3,21.3,8.580806770113809e-05,65.14237635717073,-105.76260985981864,-102.85927652648529,59.897
2019-04-29 02:38:20.447258,1.6924435333304508,1.6924484333304508,0.8757104214501262,0.8757078860812603,21.3,21.3,8.649623490819315e-05,65.14227385257391,-105.75909658581382,-102.89909658581402,59.898
2019-04-29 02:38:21.447258,1.6924399607893892,1.6924448996782782,0.8757122699714984,0.8757097144699274,21.3,21.3,8.71844290552127e-05,65.14217127315338,-105.75558874299583,-103.06892207632927,59.902
2019-04-29 02:38:22.447258,1.6924363933225781,1.6924413711003559,0.875714115875115,0.8757115402406853,21.3,21.3,8.787265014020655e-05,65.14206861908032,-105.75208632056524,-102.84875298723189,59.897
2019-04-29 02:38:23.447258,1.692432830930437,1.6924378475971038,0.8757159591607256,0.875713363393284,21.3,21.3,8.856089816118608e-05,65.14196589034954,-105.74858931858502,-102.93192265191846,59.899
2019-04-29 02:38:24.447258,1.6924292735928168,1.6924343291483723,0.8757177998387231,0.8757151839381166,21.3,21.3,8.924917311616427e-05,65.14186308730851,-105.74509771539343,-103.05843104872687,59.902
2019-04-29 02:38:25.447258,1.692425721320418,1.6924308157648624,0.8757196379035377,0.8757170018696137,21.3,21.3,8.993747500315567e-05,65.14176020977578,-105.74161152191516,-102.92494485524858,59.899
2019-04-29 02:38:26.447258,1.6924221741033723,1.6924273074367056,0.8757214733602424,0.8757188171928489,21.3,21.3,9.062580382017642e-05,65.14165725792253,-105.73813072735062,-102.92146406068404,59.899
2019-04-29 02:38:27.447258,1.6924186319215264,1.6924238041437487,0.8757233062192328,0.8757206299182176,21.3,21.3,9.131415956524422e-05,65.14155423209608,-105.73465531003772,-103.00465531003793,59.901
2019-04-29 02:38:28.447258,1.6924150947855778,1.692420305896689,0.8757251364749408,0.8757224400401526,21.3,21.3,9.200254223637839e-05,65.14145113211508,-105.73118528090097,-102.87118528090117,59.898
2019-04-29 02:38:29.447258,1.6924115626856546,1.6924168126856547,0.8757269641324417,0.8757242475637292,21.3,21.3,9.269095183159978e-05,65.14134795815066,-105.72772062914036,-102.95438729580704,59.9
2019-04-29 02:38:30.447258,1.6924080356015976,1.6924133244904864,0.8757287892021345,0.8757260524993469,21.3,21.3,9.337938834893083e-05,65.14124471055013,-105.72426133309334,-102.86426133309354,59.898
2019-04-29 02:38:31.447258,1.6924045135441026,1.6924098413218804,0.8757306116784519,0.8757278548414387,21.3,21.3,9.406785178639555e-05,65.14114138913222,-105.72080740368426,-102.73080740368445,59.895
2019-04-29 02:38:32.447258,1.6924009965032931,1.6924063631699597,0.8757324315664724,0.8757296545950832,21.3,21.3,9.475634214201952e-05,65.14103799406799,-105.71735883011272,-102.85735883011291,59.898
2019-04-29 02:38:33.447258,1.6923974844795782,1.6924028900351338,0.8757342488659519,0.875731451760037,21.3,21.3,9.54448594138299e-05,65.14093452535232,-105.7139156124407,-102.8539156124409,59.898
2019-04-29 02:38:34.447258,1.6923939774425054,1.6923994218869498,0.8757360635926158,0.8757332463520255,21.3,21.3,9.61334035998554e-05,65.14083098350876,-105.71047771814256,-102.72047771814276,59.895
2019-04-29 02:38:35.447258,1.692390475413054,1.6923959587463875,0.8757378757355762,0.8757350383601614,21.3,21.3,9.682197469812627e-05,65.14072736817982,-105.70704516900496,-102.63037850233839,59.893
2019-04-29 02:38:36.447258,1.6923869783710557,1.6923925005932778,0.8757396853052374,0.8757368277948494,21.3,21.3,9.751057270667438e-05,65.14062367971273,-105.70361794336445,-102.6702846100311,59.894
2019-04-29 02:38:37.447258,1.692383486316914,1.6923890474280252,0.8757414923013584,0.8757386146558485,21.3,21.3,9.819919762353311e-05,65.14051991810244,-105.70019604128261,-102.66686270794926,59.894
2019-04-29 02:38:38.447258,1.692379999240745,1.6923855992407448,0.8757432967290221,0.8757403989482422,21.3,21.3,9.888784944673741e-05,65.14041608352002,-105.69677945195834,-102.70677945195852,59.895
2019-04-29 02:38:39.447258,1.6923765171326626,1.6923821560215515,0.8757450985933122,0.8757421806771143,21.3,21.3,9.957652817432381e-05,65.14031217613658,-105.69336816459034,-102.660034831257,59.894
2019-04-29 02:38:40.447258,1.6923730399930674,1.6923787177708451,0.8757468978939897,0.8757439598422265,21.3,21.3,0.00010026523380433035,65.140208195947,-105.68996217923988,-102.56996217924006,59.892
2019-04-29 02:38:41.447258,1.6923695678223594,1.692375284489026,0.8757486946308163,0.8757457364433404,21.3,21.3,0.00010095396633479665,65.1401041429462,-105.68656149596809,-102.52322816263474,59.891
2019-04-29 02:38:42.447258,1.6923661006003607,1.6923718561559162,0.8757504888142014,0.8757475104908662,21.3,21.3,0.00010164272576376388,65.14000001748144,-105.68316609311086,-102.60649942644429,59.893
2019-04-29 02:38:43.447258,1.6923626383171793,1.6923684327616237,0.8757522804492328,0.8757492819898914,21.3,21.3,0.00010233151208927475,65.13989581972379,-105.67977595986632,-102.47310929319973,59.89
